name,email,date_of_birth,mobile_no,birthdate,above_18,first_name,last_name,membership_id
Patty Smith,Patty_Smith@ross.com,27-08-1975,59428759,19750827,True,Patty,Smith,Smith_c7677
Sean Wang,Sean_Wang@gibson-calderon.com,1960-03-11,25595367,19600311,True,Sean,Wang,Wang_04168
Richard Estrada,Richard_Estrada@malone.com,1992/10/15,22821527,19921015,True,Richard,Estrada,Estrada_0bf5b
Jackson Cline,Jackson_Cline@hudson.net,1971-01-21,48056519,19710121,True,Jackson,Cline,Cline_825fb
Allen Williams,Allen_Williams@sanchez.net,1997/11/09,77991519,19971109,True,Allen,Williams,Williams_3e726
Eric Flores,Eric_Flores@dillon-patterson.com,01-07-1982,36641663,19820107,True,Eric,Flores,Flores_f6828
Anna Richardson,Anna_Richardson@perry.com,1967-02-23,64083047,19670223,True,Anna,Richardson,Richardson_ef158
Benjamin Smith,Benjamin_Smith@christian-contreras.com,12/23/1987,95835639,19871223,True,Benjamin,Smith,Smith_9625b
Taylor Gomez,Taylor_Gomez@johnston.com,1982-10-22,24007567,19821022,True,Taylor,Gomez,Gomez_876bf
Jeremy Rodriguez,Jeremy_Rodriguez@roth.com,1978-08-28,32567967,19780828,True,Jeremy,Rodriguez,Rodriguez_93ac7
April Garcia,April_Garcia@hall.com,1987-12-31,24650447,19871231,True,April,Garcia,Garcia_26b55
Sharon Garza,Sharon_Garza@duran.com,30-08-2002,59411567,20020830,True,Sharon,Garza,Garza_40199
Lori Sanchez,Lori_Sanchez@hardin-warner.net,1998/04/20,76989167,19980420,True,Lori,Sanchez,Sanchez_364a7
Joseph Reed,Joseph_Reed@kelley.com,12/20/1951,18798163,19511220,True,Joseph,Reed,Reed_3bc34
Jason Armstrong,Jason_Armstrong@curtis.com,1992-11-16,68514503,19921116,True,Jason,Armstrong,Armstrong_e2fb8
Jessica Allison,Jessica_Allison@harper.com,1972/10/30,66821135,19721030,True,Jessica,Allison,Allison_0c21b
Arthur Hall,Arthur_Hall@gonzalez.com,03-11-1994,65493407,19940311,True,Arthur,Hall,Hall_5eccd
Sherry Meza,Sherry_Meza@west.com,04-09-1997,33491119,19970409,True,Sherry,Meza,Meza_5bcfa
Matthew Turner,Matthew_Turner@martinez.com,1994/07/07,73291455,19940707,True,Matthew,Turner,Turner_0303a
Jeffrey Bauer,Jeffrey_Bauer@garza.com,08/13/1966,51154803,19660813,True,Jeffrey,Bauer,Bauer_18f68
Sophia Randolph,Sophia_Randolph@leonard-ramirez.com,1950-08-07,94510479,19500807,True,Sophia,Randolph,Randolph_76c7a
Marissa Matthews,Marissa_Matthews@graves.com,02/21/1972,20636447,19720221,True,Marissa,Matthews,Matthews_2a414
Samuel Thompson,Samuel_Thompson@sanchez-carroll.com,03-04-1984,99063183,19840304,True,Samuel,Thompson,Thompson_8382b
Zachary Lee,Zachary_Lee@smith.com,1987/07/04,36447751,19870704,True,Zachary,Lee,Lee_76cce
Kara Pittman,Kara_Pittman@gomez-vaughn.com,25-05-1968,80502567,19680525,True,Kara,Pittman,Pittman_44c4d
Charles Ruiz,Charles_Ruiz@sullivan-jones.com,01/13/1968,85158255,19680113,True,Charles,Ruiz,Ruiz_1546f
Rachel Shaw,Rachel_Shaw@stevenson-martinez.com,12/23/1958,66511687,19581223,True,Rachel,Shaw,Shaw_45468
James Miller,James_Miller@nguyen.com,08/31/1971,64917031,19710831,True,James,Miller,Miller_d11a8
Gabriella Anthony,Gabriella_Anthony@castro.com,1997-01-06,89108943,19970106,True,Gabriella,Anthony,Anthony_ebd30
Misty Cantrell,Misty_Cantrell@flores-decker.com,1957-03-03,79619831,19570303,True,Misty,Cantrell,Cantrell_b19eb
Kelly Guerrero,Kelly_Guerrero@riggs.com,1997/02/03,53052583,19970203,True,Kelly,Guerrero,Guerrero_d55cb
David Nichols,David_Nichols@rocha.com,19-08-1962,62269575,19620819,True,David,Nichols,Nichols_9226a
Shawn Galloway,Shawn_Galloway@johnston.com,1985/04/19,17471367,19850419,True,Shawn,Galloway,Galloway_1a4d2
Fernando Salazar,Fernando_Salazar@humphrey.com,04/19/1972,71192443,19720419,True,Fernando,Salazar,Salazar_88b5f
Dennis Sanford,Dennis_Sanford@lopez-archer.com,1980/08/06,88084407,19800806,True,Dennis,Sanford,Sanford_c7e24
Amanda Murphy,Amanda_Murphy@bright-gibbs.net,2000/07/30,30501351,20000730,True,Amanda,Murphy,Murphy_0851c
Bobby Martin,Bobby_Martin@jackson.com,31-03-2000,43871143,20000331,True,Bobby,Martin,Martin_35f44
Lauren Jones,Lauren_Jones@castaneda.com,07/24/1987,96512831,19870724,True,Lauren,Jones,Jones_3cea3
Vernon Bishop,Vernon_Bishop@clark-larson.com,1973/07/10,78396487,19730710,True,Vernon,Bishop,Bishop_b0506
Phillip Meyers,Phillip_Meyers@mcneil-williams.com,22-10-1960,95409119,19601022,True,Phillip,Meyers,Meyers_2871d
Jeremy Strickland,Jeremy_Strickland@adkins.com,12/23/1950,20151487,19501223,True,Jeremy,Strickland,Strickland_c13f0
Robert Martin,Robert_Martin@crawford.com,18-07-1950,78547615,19500718,True,Robert,Martin,Martin_6f48d
Marc Davis,Marc_Davis@harris.com,05/20/1980,96597403,19800520,True,Marc,Davis,Davis_7d08d
William Taylor,William_Taylor@warner-morgan.net,1986-01-31,42996791,19860131,True,William,Taylor,Taylor_4fbc5
Alyssa Pierce,Alyssa_Pierce@ruiz.com,05/16/1968,95839991,19680516,True,Alyssa,Pierce,Pierce_133dc
Michael Brady,Michael_Brady@wells-sanders.com,1950-03-23,65342263,19500323,True,Michael,Brady,Brady_bd431
James Rhodes,James_Rhodes@green.com,10-10-1977,27465295,19771010,True,James,Rhodes,Rhodes_df266
Ryan Ramirez,Ryan_Ramirez@pham.com,25-04-1985,67907071,19850425,True,Ryan,Ramirez,Ramirez_5ff32
Stephen Thompson,Stephen_Thompson@hess.com,1951/11/12,75033031,19511112,True,Stephen,Thompson,Thompson_52cd0
Susan Williams,Susan_Williams@rowland.com,12-05-1976,95688383,19761205,True,Susan,Williams,Williams_3b0d4
Nancy Aguilar,Nancy_Aguilar@lane.com,08/11/1995,97516423,19950811,True,Nancy,Aguilar,Aguilar_ad5a0
Jessica Williams,Jessica_Williams@thomas-martin.com,08/24/1973,26472931,19730824,True,Jessica,Williams,Williams_b7835
Dylan Johnson,Dylan_Johnson@montgomery.com,1996/01/07,52048815,19960107,True,Dylan,Johnson,Johnson_d53b7
Pamela King,Pamela_King@soto.net,1993/09/29,72515095,19930929,True,Pamela,King,King_01148
Robert Smith,Robert_Smith@joyce.com,1987-04-24,76366335,19870424,True,Robert,Smith,Smith_634dd
Samantha Gonzalez,Samantha_Gonzalez@rios-fletcher.com,1998/08/29,40456647,19980829,True,Samantha,Gonzalez,Gonzalez_31e9a
Terry Pierce,Terry_Pierce@warner-reyes.com,09/10/1964,91518459,19640910,True,Terry,Pierce,Pierce_68d7c
Jeffery Walker,Jeffery_Walker@watson.com,1956-06-24,46574799,19560624,True,Jeffery,Walker,Walker_ba5b7
Todd Alvarez,Todd_Alvarez@vaughn.com,25-11-1974,42011263,19741125,True,Todd,Alvarez,Alvarez_7bc5d
Brett Willis,Brett_Willis@gibbs.com,1961-09-08,86342007,19610908,True,Brett,Willis,Willis_d0046
Louis Klein,Louis_Klein@phillips-allen.com,12/20/1965,33671863,19651220,True,Louis,Klein,Klein_43163
Kristin Wilkins,Kristin_Wilkins@harvey.com,2002/05/11,84393855,20020511,True,Kristin,Wilkins,Wilkins_48a0a
Joshua Lynch,Joshua_Lynch@daniels.com,26-05-1965,71572839,19650526,True,Joshua,Lynch,Lynch_49515
Deborah Williams,Deborah_Williams@howard.com,1984/11/21,11357647,19841121,True,Deborah,Williams,Williams_e69d3
Sarah Bright,Sarah_Bright@winters.com,15-11-1998,24327743,19981115,True,Sarah,Bright,Bright_776f9
Rebecca Anderson,Rebecca_Anderson@carter-ramirez.com,1973/08/27,27023231,19730827,True,Rebecca,Anderson,Anderson_48071
Roger Frost,Roger_Frost@cole-robinson.com,17-02-1970,94120431,19700217,True,Roger,Frost,Frost_5ba4a
Toni Dunn,Toni_Dunn@chapman.com,08/31/1980,89674459,19800831,True,Toni,Dunn,Dunn_8edbe
Eric Dunn,Eric_Dunn@reese.com,12-07-1960,13714207,19601207,True,Eric,Dunn,Dunn_84e93
Heather Pierce,Heather_Pierce@williams-edwards.com,1957/08/13,32413999,19570813,True,Heather,Pierce,Pierce_1096d
Jordan Erickson,Jordan_Erickson@martinez.com,1975-08-02,64756655,19750802,True,Jordan,Erickson,Erickson_6b984
Susan Ali,Susan_Ali@leach.com,1999-01-05,74229143,19990105,True,Susan,Ali,Ali_f361f
Richard Wilson,Richard_Wilson@hernandez.com,1999-07-03,36349175,19990703,True,Richard,Wilson,Wilson_f0626
Jon Butler,Jon_Butler@blackwell.com,1987/03/18,78121695,19870318,True,Jon,Butler,Butler_a60e8
Paul Phillips,Paul_Phillips@vance.com,1997/02/16,11213063,19970216,True,Paul,Phillips,Phillips_01acd
Adam Parker,Adam_Parker@yoder.com,22-07-1998,27783391,19980722,True,Adam,Parker,Parker_5ebc0
Cory Walker,Cory_Walker@torres.net,1962-12-08,37614935,19621208,True,Cory,Walker,Walker_a21be
Jeffrey Sanchez,Jeffrey_Sanchez@jones-butler.com,14-09-1995,73226919,19950914,True,Jeffrey,Sanchez,Sanchez_cf3c9
Bianca Martin,Bianca_Martin@mitchell.com,1978/02/05,86924127,19780205,True,Bianca,Martin,Martin_7bf56
Jeffrey King,Jeffrey_King@hicks-boyd.com,1977/06/23,68622991,19770623,True,Jeffrey,King,King_2f8a4
Shelly Mcdaniel,Shelly_Mcdaniel@little.com,10/28/1995,86599403,19951028,True,Shelly,Mcdaniel,Mcdaniel_ab5b4
Melanie Wiggins,Melanie_Wiggins@mcdonald-rice.com,2000/02/14,91699615,20000214,True,Melanie,Wiggins,Wiggins_c46e0
Daniel Smith,Daniel_Smith@cummings.com,1986-03-08,26613823,19860308,True,Daniel,Smith,Smith_e0b77
Christopher Smith,Christopher_Smith@lamb.com,07/07/1981,42594715,19810707,True,Christopher,Smith,Smith_216c5
Marc Love,Marc_Love@martin.com,07/22/1955,96796419,19550722,True,Marc,Love,Love_95197
Scott Lawrence,Scott_Lawrence@aguilar.com,1976-01-04,59217375,19760104,True,Scott,Lawrence,Lawrence_fbccd
James Sosa,James_Sosa@robles-hawkins.com,08-11-1957,47053447,19570811,True,James,Sosa,Sosa_84005
Jamie Jackson,Jamie_Jackson@carr.com,26-05-1977,71512687,19770526,True,Jamie,Jackson,Jackson_b5943
Jeffrey Hatfield,Jeffrey_Hatfield@morgan-erickson.com,1970-10-14,69441735,19701014,True,Jeffrey,Hatfield,Hatfield_bf691
James Phillips,James_Phillips@green-taylor.com,1961-10-19,89808183,19611019,True,James,Phillips,Phillips_c68d2
Jessica Moore,Jessica_Moore@harrison-bautista.com,09-05-1999,27155335,19990905,True,Jessica,Moore,Moore_555b6
Debra Peters,Debra_Peters@smith.com,08/04/1982,69115179,19820804,True,Debra,Peters,Peters_6955e
Richard Anderson,Richard_Anderson@peck-franklin.com,1970-04-05,24730327,19700405,True,Richard,Anderson,Anderson_6c12a
Lauren Hahn,Lauren_Hahn@simmons.com,1972-06-20,15132727,19720620,True,Lauren,Hahn,Hahn_38908
Joseph Perez,Joseph_Perez@ryan.com,09/09/1974,61876187,19740909,True,Joseph,Perez,Perez_a30c9
Faith Edwards,Faith_Edwards@price.net,1977-07-26,44653063,19770726,True,Faith,Edwards,Edwards_96edd
Laura Vargas,Laura_Vargas@gallagher-young.com,09-10-1977,40816943,19770910,True,Laura,Vargas,Vargas_b176f
Sarah Lewis,Sarah_Lewis@wyatt.com,1981-02-25,37945839,19810225,True,Sarah,Lewis,Lewis_f236b
Brad Huff,Brad_Huff@moore.com,1961-12-27,28207575,19611227,True,Brad,Huff,Huff_88806
Thomas Sanchez,Thomas_Sanchez@cunningham-reid.net,09/14/1957,23994083,19570914,True,Thomas,Sanchez,Sanchez_a1536
Alexander Richardson,Alexander_Richardson@perez.com,25-10-1958,34675335,19581025,True,Alexander,Richardson,Richardson_e102e
Joseph Howard,Joseph_Howard@williams.com,1952/07/26,46746383,19520726,True,Joseph,Howard,Howard_99bdb
Jacqueline Phillips,Jacqueline_Phillips@larson.com,01/18/1988,55793915,19880118,True,Jacqueline,Phillips,Phillips_3268f
Anne Richards,Anne_Richards@mccarthy.com,06-09-1969,84963423,19690609,True,Anne,Richards,Richards_e1b0f
Derek Thomas,Derek_Thomas@green.com,1964-07-24,37329863,19640724,True,Derek,Thomas,Thomas_a6b2a
Joseph Bonilla,Joseph_Bonilla@freeman.com,1974/05/08,66912183,19740508,True,Joseph,Bonilla,Bonilla_07c60
Gary Barber,Gary_Barber@roberts.net,1955/11/12,44790343,19551112,True,Gary,Barber,Barber_8e448
Brian Johnson,Brian_Johnson@carr.com,1981/06/17,76631695,19810617,True,Brian,Johnson,Johnson_01409
Christine Peterson,Christine_Peterson@hamilton.com,19-11-1974,57627175,19741119,True,Christine,Peterson,Peterson_d3043
Christopher Bautista,Christopher_Bautista@rodgers.com,02-12-1994,48834663,19940212,True,Christopher,Bautista,Bautista_06ca7
Barbara Krueger,Barbara_Krueger@strong.com,1952/03/22,30905343,19520322,True,Barbara,Krueger,Krueger_f41b0
Monica Oconnor,Monica_Oconnor@gordon.com,01-07-1980,97887295,19800107,True,Monica,Oconnor,Oconnor_5d9be
Peggy Johnson,Peggy_Johnson@berg.com,28-03-1972,34795631,19720328,True,Peggy,Johnson,Johnson_317e0
Susan Herrera,Susan_Herrera@gomez.com,1955/08/26,24027735,19550826,True,Susan,Herrera,Herrera_2275e
Andrew Matthews,Andrew_Matthews@ramos-vaughn.com,1988-02-19,90821359,19880219,True,Andrew,Matthews,Matthews_33105
Erin Kennedy,Erin_Kennedy@hendricks-mason.com,1965/01/09,35865639,19650109,True,Erin,Kennedy,Kennedy_e1e07
Jason Lopez,Jason_Lopez@wood-hill.com,30-08-1974,11287127,19740830,True,Jason,Lopez,Lopez_ad64b
Jerry Clark,Jerry_Clark@perez.com,28-09-1995,46859655,19950928,True,Jerry,Clark,Clark_850e2
Alyssa Kim,Alyssa_Kim@beck-zuniga.com,11-08-1990,59732335,19901108,True,Alyssa,Kim,Kim_61638
Courtney Williams,Courtney_Williams@garner.com,1999-09-19,27598999,19990919,True,Courtney,Williams,Williams_225d6
Kevin Haynes,Kevin_Haynes@jones.com,06/24/1969,75433787,19690624,True,Kevin,Haynes,Haynes_d74e4
John Hicks,John_Hicks@weber.com,09/12/1953,95395487,19530912,True,John,Hicks,Hicks_c3ab0
Eric Kennedy,Eric_Kennedy@mcdonald.com,05/22/1999,77994331,19990522,True,Eric,Kennedy,Kennedy_b93e8
Matthew Nelson,Matthew_Nelson@hunt.com,1958-01-27,45515247,19580127,True,Matthew,Nelson,Nelson_49b51
Carolyn Glover,Carolyn_Glover@walker.com,07/14/1979,87832791,19790714,True,Carolyn,Glover,Glover_9a700
Robert Moore,Robert_Moore@young.com,1955-04-15,19512199,19550415,True,Robert,Moore,Moore_bd6b1
Nicole Mcgee,Nicole_Mcgee@reyes.com,1959/03/03,34539135,19590303,True,Nicole,Mcgee,Mcgee_84007
Danielle Hunter,Danielle_Hunter@ballard.com,1971/08/11,99947039,19710811,True,Danielle,Hunter,Hunter_c76d0
Kelly Perez,Kelly_Perez@ward-wilson.com,1960-05-19,60614735,19600519,True,Kelly,Perez,Perez_016c7
Mary Odom,Mary_Odom@morgan-reynolds.com,1963-08-13,98738367,19630813,True,Mary,Odom,Odom_e8796
Arthur Gibson,Arthur_Gibson@thompson-thompson.com,03-06-1961,75411807,19610306,True,Arthur,Gibson,Gibson_7ade8
Katherine Brennan,Katherine_Brennan@garcia.net,11/13/1977,37918255,19771113,True,Katherine,Brennan,Brennan_fbe29
Christopher Miller,Christopher_Miller@kelly.com,1985-01-31,16222031,19850131,True,Christopher,Miller,Miller_5a80b
Amber Hopkins,Amber_Hopkins@hall.com,1975-08-31,15289039,19750831,True,Amber,Hopkins,Hopkins_7c2f6
Christine Lara,Christine_Lara@barnes-lee.com,01/03/1959,77716475,19590103,True,Christine,Lara,Lara_05622
Nancy Garcia,Nancy_Garcia@lewis-hayden.com,1968-03-05,62971303,19680305,True,Nancy,Garcia,Garcia_76b84
Alex Rhodes,Alex_Rhodes@russell.net,1978/09/13,75808519,19780913,True,Alex,Rhodes,Rhodes_a5121
Daniel Bennett,Daniel_Bennett@stephens-oneill.com,1973/02/28,20776023,19730228,True,Daniel,Bennett,Bennett_1ed65
Kevin Woodard,Kevin_Woodard@lynch.com,1955/08/09,30319911,19550809,True,Kevin,Woodard,Woodard_0dee6
Todd Wheeler,Todd_Wheeler@woods.com,09/04/1996,50356375,19960904,True,Todd,Wheeler,Wheeler_62b5f
Linda Woods,Linda_Woods@diaz.com,11/27/1961,81195711,19611127,True,Linda,Woods,Woods_5e5f2
Alan Peterson,Alan_Peterson@burch.com,1976-01-29,88993663,19760129,True,Alan,Peterson,Peterson_9e709
Jacob Grant,Jacob_Grant@cummings.com,1991-12-04,94196575,19911204,True,Jacob,Grant,Grant_46694
Gabrielle Johnson,Gabrielle_Johnson@serrano.com,06-10-1958,35424207,19580610,True,Gabrielle,Johnson,Johnson_aa25e
Anne Howard,Anne_Howard@rowe.com,06/10/1969,35198251,19690610,True,Anne,Howard,Howard_45839
Caleb Morales,Caleb_Morales@collins.com,1966-03-29,69459679,19660329,True,Caleb,Morales,Morales_0598c
James Dominguez,James_Dominguez@black.com,1988-12-05,49527207,19881205,True,James,Dominguez,Dominguez_e2663
Kathryn Cardenas,Kathryn_Cardenas@skinner.com,1983-05-08,81016239,19830508,True,Kathryn,Cardenas,Cardenas_35ae4
Jeffrey Santiago,Jeffrey_Santiago@duncan.com,1975-02-28,93827623,19750228,True,Jeffrey,Santiago,Santiago_5cbec
Andrew Mclaughlin,Andrew_Mclaughlin@fitzpatrick-lucas.com,1973/05/14,66417719,19730514,True,Andrew,Mclaughlin,Mclaughlin_b2423
Bryan Porter,Bryan_Porter@elliott.com,1957/02/14,88089671,19570214,True,Bryan,Porter,Porter_e9e42
Brendan Smith,Brendan_Smith@williams.com,1958/05/16,67839775,19580516,True,Brendan,Smith,Smith_750a9
Amy Wilson,Amy_Wilson@cortez.net,04/12/1974,64392323,19740412,True,Amy,Wilson,Wilson_09540
David Clark,David_Clark@fleming.com,08/01/1985,44834223,19850801,True,David,Clark,Clark_f30a3
Erika Joseph,Erika_Joseph@romero.com,03/03/1981,51075039,19810303,True,Erika,Joseph,Joseph_f0dcb
Jeffrey Hernandez,Jeffrey_Hernandez@mcdaniel.com,1989/12/31,76263607,19891231,True,Jeffrey,Hernandez,Hernandez_f3251
Michael Miller,Michael_Miller@taylor-moore.com,20-05-1964,17581687,19640520,True,Michael,Miller,Miller_375ad
Theresa Newman,Theresa_Newman@perry-scott.com,1994-11-29,36575799,19941129,True,Theresa,Newman,Newman_069d1
Paul Romero,Paul_Romero@middleton-jones.com,1960/10/07,98843943,19601007,True,Paul,Romero,Romero_7ffde
Kathleen Ramirez,Kathleen_Ramirez@banks-wright.com,08/29/1955,40351711,19550829,True,Kathleen,Ramirez,Ramirez_04ceb
Janet Choi,Janet_Choi@neal.com,1986/07/18,66675695,19860718,True,Janet,Choi,Choi_e37de
Mark Bender,Mark_Bender@oneal-wilkins.com,1969-09-11,27354911,19690911,True,Mark,Bender,Bender_b8ade
Abigail Brown,Abigail_Brown@jones-underwood.com,08-10-1980,15726143,19800810,True,Abigail,Brown,Brown_7bef7
Antonio Dominguez,Antonio_Dominguez@nichols.com,15-11-1980,75861007,19801115,True,Antonio,Dominguez,Dominguez_821d7
Tony Morris,Tony_Morris@davis.com,1970-08-05,33280551,19700805,True,Tony,Morris,Morris_1057d
Randy Carlson,Randy_Carlson@rivera.com,30-05-1955,51211679,19550530,True,Randy,Carlson,Carlson_d8db2
Mitchell Pierce,Mitchell_Pierce@houston-conway.net,2001-08-24,96845551,20010824,True,Mitchell,Pierce,Pierce_7e42c
Angela West,Angela_West@anderson-fitzgerald.com,1981-04-27,59397207,19810427,True,Angela,West,West_0afba
Sherry Lyons,Sherry_Lyons@carson-copeland.com,09/02/1998,47672835,19980902,True,Sherry,Lyons,Lyons_5c73e
Jennifer Butler,Jennifer_Butler@arellano-morris.com,11/18/1951,16079075,19511118,True,Jennifer,Butler,Butler_c810e
Kevin Peters,Kevin_Peters@edwards.com,06-02-1967,28855487,19670602,True,Kevin,Peters,Peters_4b936
Benjamin Conway,Benjamin_Conway@burton-paul.com,1955/12/28,23338319,19551228,True,Benjamin,Conway,Conway_b14b9
Noah Mccarty,Noah_Mccarty@rios-oneill.com,06/20/1965,64718427,19650620,True,Noah,Mccarty,Mccarty_6f29c
Andrew Stewart,Andrew_Stewart@wong.com,12-02-1951,19799879,19511202,True,Andrew,Stewart,Stewart_c3765
Brenda Jones,Brenda_Jones@lang.com,1955/08/04,62608823,19550804,True,Brenda,Jones,Jones_e27fe
Jerry Shannon,Jerry_Shannon@sweeney-gibbs.com,05/05/1951,86239787,19510505,True,Jerry,Shannon,Shannon_6484d
Blake Brown,Blake_Brown@george-kelly.net,06/15/1957,34835327,19570615,True,Blake,Brown,Brown_75572
Michael Bowers,Michael_Bowers@klein-barry.com,09/03/2002,70074031,20020903,True,Michael,Bowers,Bowers_29d22
Elizabeth Bailey,Elizabeth_Bailey@stephenson-arnold.com,1963-01-01,20218071,19630101,True,Elizabeth,Bailey,Bailey_5c8a5
James Cruz,James_Cruz@bender-harris.com,07/30/1950,18758595,19500730,True,James,Cruz,Cruz_a17c6
Kelly Levy,Kelly_Levy@barajas.com,08-05-1994,74468255,19940805,True,Kelly,Levy,Levy_1b739
Thomas Burton,Thomas_Burton@dunn-avery.net,1975-04-19,14613071,19750419,True,Thomas,Burton,Burton_e624b
Kimberly Garcia,Kimberly_Garcia@tapia.com,08/01/1963,41397407,19630801,True,Kimberly,Garcia,Garcia_ea09c
Paul Peterson,Paul_Peterson@bullock.com,2002/12/25,59148863,20021225,True,Paul,Peterson,Peterson_c41f4
Michael Reilly,Michael_Reilly@cooper.net,1972/05/14,33876967,19720514,True,Michael,Reilly,Reilly_1c829
Alejandra Martinez,Alejandra_Martinez@jones.com,21-12-1979,87381327,19791221,True,Alejandra,Martinez,Martinez_d6f6b
Timothy Sanders,Timothy_Sanders@harrell.com,1952-10-03,63453583,19521003,True,Timothy,Sanders,Sanders_e813f
Latoya Little,Latoya_Little@martinez.com,07-08-1978,43404335,19780708,True,Latoya,Little,Little_9b0c8
Sarah Harvey,Sarah_Harvey@martin-smith.com,31-03-1960,58520471,19600331,True,Sarah,Harvey,Harvey_119d2
Aaron Hansen,Aaron_Hansen@mckinney.com,01/28/1998,51639887,19980128,True,Aaron,Hansen,Hansen_df29c
Melissa Ortiz,Melissa_Ortiz@lee-malone.com,1958-07-29,49637727,19580729,True,Melissa,Ortiz,Ortiz_84be0
Brooke Hernandez,Brooke_Hernandez@benitez.com,14-11-1991,97309975,19911114,True,Brooke,Hernandez,Hernandez_bcb5b
Lisa Livingston,Lisa_Livingston@glover.com,1950-04-23,20519415,19500423,True,Lisa,Livingston,Livingston_19295
Eugene Mason,Eugene_Mason@gardner.com,1978/12/13,47810855,19781213,True,Eugene,Mason,Mason_6bc9b
Daniel Cunningham,Daniel_Cunningham@cooper.com,1973/03/26,78657983,19730326,True,Daniel,Cunningham,Cunningham_12799
Alex Smith,Alex_Smith@johnson.com,2002/05/03,58965703,20020503,True,Alex,Smith,Smith_894dd
Charles Jennings,Charles_Jennings@cochran.net,07/14/1975,70913863,19750714,True,Charles,Jennings,Jennings_18c5d
Jessica Vargas,Jessica_Vargas@miller-price.net,1981-05-17,48925903,19810517,True,Jessica,Vargas,Vargas_ed53f
Olivia Clark,Olivia_Clark@wade-roberson.com,1974/10/01,67793735,19741001,True,Olivia,Clark,Clark_92a9e
Ricky Allen,Ricky_Allen@roberts-mendoza.com,06/19/1961,61433467,19610619,True,Ricky,Allen,Allen_3a518
Cathy Carney,Cathy_Carney@williams.net,1997/05/22,31104151,19970522,True,Cathy,Carney,Carney_0d73a
Ashley Spencer,Ashley_Spencer@anderson.com,01/26/1991,68555775,19910126,True,Ashley,Spencer,Spencer_c60e6
Victoria Strickland,Victoria_Strickland@mccarthy-stewart.com,07/30/1953,31595971,19530730,True,Victoria,Strickland,Strickland_c68d2
Patrick Smith,Patrick_Smith@molina.net,01/29/1972,76398335,19720129,True,Patrick,Smith,Smith_5b12e
Samuel West,Samuel_West@johnson-ryan.net,06/27/2002,50354899,20020627,True,Samuel,West,West_15f40
Haley Baldwin,Haley_Baldwin@bush-wolfe.com,13-04-1965,31940631,19650413,True,Haley,Baldwin,Baldwin_b3439
Alexander Wilson,Alexander_Wilson@barron-garcia.com,1988-11-11,13893319,19881111,True,Alexander,Wilson,Wilson_51998
April Cole,April_Cole@vargas.com,1961-06-22,65186503,19610622,True,April,Cole,Cole_2b0a2
Holly Riley,Holly_Riley@stokes.com,1974/07/28,55620431,19740728,True,Holly,Riley,Riley_3e1f8
Jeffrey Poole,Jeffrey_Poole@cross.com,1957-02-04,82077439,19570204,True,Jeffrey,Poole,Poole_23f28
Rachel Poole,Rachel_Poole@jones.net,08-07-1976,35095087,19760807,True,Rachel,Poole,Poole_46b07
Sheena Ward,Sheena_Ward@wilson-mcbride.com,26-09-1973,96834175,19730926,True,Sheena,Ward,Ward_57d0c
Cynthia Smith,Cynthia_Smith@smith.com,05-09-1951,48760255,19510509,True,Cynthia,Smith,Smith_8477e
Kevin Clayton,Kevin_Clayton@miller.com,08-07-1975,25081071,19750807,True,Kevin,Clayton,Clayton_6ad7d
Deanna Smith,Deanna_Smith@cooke.com,04/16/1951,50395271,19510416,True,Deanna,Smith,Smith_774d5
Sarah Coleman,Sarah_Coleman@novak.com,1950/01/19,37411775,19500119,True,Sarah,Coleman,Coleman_db259
Kurt Butler,Kurt_Butler@taylor.net,06/21/1964,43394675,19640621,True,Kurt,Butler,Butler_19820
Cody Becker,Cody_Becker@hansen.com,1960/12/16,76003567,19601216,True,Cody,Becker,Becker_dd317
Molly Miller,Molly_Miller@king-kelly.net,05-11-1977,99947663,19770511,True,Molly,Miller,Miller_d8bf5
Craig Bailey,Craig_Bailey@hancock-brown.com,1997-07-13,33032303,19970713,True,Craig,Bailey,Bailey_fac5d
Patricia Gray,Patricia_Gray@dawson.com,1966/03/19,18281751,19660319,True,Patricia,Gray,Gray_00c0a
Robert Rivera,Robert_Rivera@gibson.com,22-07-1950,35020847,19500722,True,Robert,Rivera,Rivera_6a7ce
Michelle Lewis,Michelle_Lewis@wiggins-thornton.com,1983-01-21,64700455,19830121,True,Michelle,Lewis,Lewis_afe1c
John Owens,John_Owens@callahan.com,24-04-1967,71230983,19670424,True,John,Owens,Owens_4cd37
Sarah Smith,Sarah_Smith@kirk.com,1968/08/04,22702359,19680804,True,Sarah,Smith,Smith_313dd
Nancy Lucas,Nancy_Lucas@aguilar.com,06-07-1983,91477863,19830607,True,Nancy,Lucas,Lucas_b2c40
Christina Murray,Christina_Murray@collins-day.com,17-12-1979,35027583,19791217,True,Christina,Murray,Murray_a46c7
Emma Berry,Emma_Berry@charles.com,1994/01/07,34612959,19940107,True,Emma,Berry,Berry_c02ad
Jason Hawkins,Jason_Hawkins@adams-hunter.com,1954-10-01,31750255,19541001,True,Jason,Hawkins,Hawkins_8aa4f
Jeffrey Rodriguez,Jeffrey_Rodriguez@johnson-white.com,1969-07-18,29947599,19690718,True,Jeffrey,Rodriguez,Rodriguez_84bf3
Christina Miller,Christina_Miller@marshall-lucas.com,1953/04/25,92153503,19530425,True,Christina,Miller,Miller_84bb3
Maria Miller,Maria_Miller@roberts.com,1994/12/21,86317751,19941221,True,Maria,Miller,Miller_208dd
Eileen Davis,Eileen_Davis@knox.com,04-04-1952,19544735,19520404,True,Eileen,Davis,Davis_3a81f
John Kelley,John_Kelley@george-barker.com,09/28/1996,99919107,19960928,True,John,Kelley,Kelley_336ba
Harry Miller,Harry_Miller@warner-jackson.com,13-06-1989,63478047,19890613,True,Harry,Miller,Miller_4e2a7
Ellen Montes,Ellen_Montes@sellers.com,14-07-1961,16519759,19610714,True,Ellen,Montes,Montes_29eaa
Gregory Mclean,Gregory_Mclean@valencia.com,1961/08/01,38860951,19610801,True,Gregory,Mclean,Mclean_3b78d
Angela Spencer,Angela_Spencer@lopez.com,1998-05-02,18410783,19980502,True,Angela,Spencer,Spencer_071ed
Christina Price,Christina_Price@kennedy-tran.com,08-05-1986,65381695,19860805,True,Christina,Price,Price_35238
Michael Morris,Michael_Morris@nelson.net,09/24/1979,62959695,19790924,True,Michael,Morris,Morris_05ed3
Amber Randall,Amber_Randall@boyd-freeman.net,1952-09-10,60506343,19520910,True,Amber,Randall,Randall_fe7f8
Matthew Morris,Matthew_Morris@boyle-novak.com,11-11-1998,49822607,19981111,True,Matthew,Morris,Morris_f9657
Cindy Blackburn,Cindy_Blackburn@bolton.net,2000-10-08,86098071,20001008,True,Cindy,Blackburn,Blackburn_0c5fb
Matthew Jacobson,Matthew_Jacobson@bishop-thomas.com,1951-04-12,99110191,19510412,True,Matthew,Jacobson,Jacobson_496c2
Stacy Jones,Stacy_Jones@perez.com,1994-09-09,71998399,19940909,True,Stacy,Jones,Jones_c6f5d
Scott Zimmerman,Scott_Zimmerman@fischer.com,30-01-1956,70071511,19560130,True,Scott,Zimmerman,Zimmerman_881d6
Dakota Silva,Dakota_Silva@barker-miller.com,10-07-1979,41853599,19791007,True,Dakota,Silva,Silva_80f7f
Jacob Spencer,Jacob_Spencer@jefferson.net,26-02-1962,41992359,19620226,True,Jacob,Spencer,Spencer_d5b01
Barbara Hudson,Barbara_Hudson@robinson-jones.com,10/28/1997,33194551,19971028,True,Barbara,Hudson,Hudson_9d670
Sherry Peterson,Sherry_Peterson@dillon-barber.com,11/26/1969,91916671,19691126,True,Sherry,Peterson,Peterson_c30b8
Austin Bird,Austin_Bird@young-stout.com,05/15/1976,53713179,19760515,True,Austin,Bird,Bird_86853
Matthew Oliver,Matthew_Oliver@mitchell.com,23-04-1972,14016935,19720423,True,Matthew,Oliver,Oliver_94edc
Roger Maddox,Roger_Maddox@richards.com,1981/04/26,86988519,19810426,True,Roger,Maddox,Maddox_6974f
Kristin Higgins,Kristin_Higgins@leonard.com,12/19/1998,58071267,19981219,True,Kristin,Higgins,Higgins_bc84f
Gilbert Johnson,Gilbert_Johnson@jones.com,09/23/1985,97191811,19850923,True,Gilbert,Johnson,Johnson_e0381
Bryan Gutierrez,Bryan_Gutierrez@short-huerta.net,18-11-1988,84795039,19881118,True,Bryan,Gutierrez,Gutierrez_c61e8
Peter Schultz,Peter_Schultz@shah.com,1957-08-29,78301895,19570829,True,Peter,Schultz,Schultz_5fff4
Karen Smith,Karen_Smith@washington.com,05/05/1963,91036383,19630505,True,Karen,Smith,Smith_473c4
Justin Burke,Justin_Burke@johnson.com,12-02-1996,43401655,19961202,True,Justin,Burke,Burke_ea689
Sarah Ramsey,Sarah_Ramsey@hayes.com,22-06-1964,63376279,19640622,True,Sarah,Ramsey,Ramsey_4c3e8
Michael Chang,Michael_Chang@watkins.com,1990-02-09,99632783,19900209,True,Michael,Chang,Chang_e27c8
Pamela Hughes,Pamela_Hughes@rivas-garza.com,1957-01-16,32117783,19570116,True,Pamela,Hughes,Hughes_bf91b
Jimmy Morris,Jimmy_Morris@hall-watkins.com,20-01-1964,31836895,19640120,True,Jimmy,Morris,Morris_25892
Lauren Romero,Lauren_Romero@davis.com,25-04-2002,50100783,20020425,True,Lauren,Romero,Romero_e5750
Adam Jones,Adam_Jones@kline-reeves.com,1957-01-07,83246639,19570107,True,Adam,Jones,Jones_2b07e
Michelle Kidd,Michelle_Kidd@klein-goodman.com,02/22/1950,80511627,19500222,True,Michelle,Kidd,Kidd_ad962
Matthew Murphy,Matthew_Murphy@graham.com,1960/02/16,18189831,19600216,True,Matthew,Murphy,Murphy_5dc4e
Jessica Arroyo,Jessica_Arroyo@flores-evans.com,2002/10/19,24971015,20021019,True,Jessica,Arroyo,Arroyo_a6982
Caleb Zuniga,Caleb_Zuniga@stone.net,1968/10/28,36180711,19681028,True,Caleb,Zuniga,Zuniga_a2d94
Kenneth Walton,Kenneth_Walton@anderson.com,03/09/1995,93358011,19950309,True,Kenneth,Walton,Walton_dc147
Cheyenne Moreno,Cheyenne_Moreno@hampton.com,1960/09/12,61341887,19600912,True,Cheyenne,Moreno,Moreno_8048c
Courtney Lopez,Courtney_Lopez@sanders.com,1971-08-10,35323391,19710810,True,Courtney,Lopez,Lopez_93fe3
Kenneth Williamson,Kenneth_Williamson@perez.com,10-03-1954,36169599,19541003,True,Kenneth,Williamson,Williamson_b834c
William Armstrong,William_Armstrong@richards.net,11/18/1964,25119611,19641118,True,William,Armstrong,Armstrong_e8b45
Bruce Browning,Bruce_Browning@robertson-baldwin.com,1963/11/13,22984503,19631113,True,Bruce,Browning,Browning_1f631
Shannon Gilbert,Shannon_Gilbert@brown-schaefer.com,1992-06-13,34472903,19920613,True,Shannon,Gilbert,Gilbert_cba39
Amanda Brown,Amanda_Brown@williams.com,18-12-1954,52400391,19541218,True,Amanda,Brown,Brown_cde99
Pedro Mitchell,Pedro_Mitchell@sims.com,09/27/1961,99595743,19610927,True,Pedro,Mitchell,Mitchell_31c89
Riley Gomez,Riley_Gomez@hoffman.com,1981/02/11,20838807,19810211,True,Riley,Gomez,Gomez_010a6
Shelby Price,Shelby_Price@fuller.net,1986/08/07,74350543,19860807,True,Shelby,Price,Price_e8f96
Scott Harris,Scott_Harris@mullins.com,1990-12-14,36307567,19901214,True,Scott,Harris,Harris_fc222
Bonnie Franklin,Bonnie_Franklin@gillespie.com,1988-07-14,22008807,19880714,True,Bonnie,Franklin,Franklin_f8d94
Ashley Morris,Ashley_Morris@marshall.net,2002-10-01,13085855,20021001,True,Ashley,Morris,Morris_73a97
Christopher Stark,Christopher_Stark@blackwell.com,03/07/1971,94716219,19710307,True,Christopher,Stark,Stark_91945
Vanessa Johnson,Vanessa_Johnson@barber.com,10/19/1960,89236567,19601019,True,Vanessa,Johnson,Johnson_8fef3
Jack Jensen,Jack_Jensen@kent-williamson.net,1960-12-29,93571087,19601229,True,Jack,Jensen,Jensen_676e2
Daniel Armstrong,Daniel_Armstrong@brown.com,1982/07/14,18991247,19820714,True,Daniel,Armstrong,Armstrong_f79a4
Susan Donovan,Susan_Donovan@jordan-anderson.com,30-01-1969,85222335,19690130,True,Susan,Donovan,Donovan_6c619
Michael Serrano,Michael_Serrano@turner-maldonado.com,07/11/1982,12792543,19820711,True,Michael,Serrano,Serrano_1ec7e
Michael Powell,Michael_Powell@mccall.com,1994/11/27,63894311,19941127,True,Michael,Powell,Powell_4f74d
Alexander Lowe,Alexander_Lowe@morris.com,1961/05/08,93074023,19610508,True,Alexander,Lowe,Lowe_73be1
