name,email,date_of_birth,mobile_no,birthdate,above_18,first_name,last_name,membership_id
Jennifer Vega,Jennifer_Vega@jenkins.net,03/07/1971,66551251,19710307,True,Jennifer,Vega,Vega_91945
Aaron Wilson,Aaron_Wilson@burke-benton.net,17-05-1987,75053391,19870517,True,Aaron,Wilson,Wilson_6845c
Samuel Lee,Samuel_Lee@gardner-rodriguez.net,1974/09/02,57636831,19740902,True,Samuel,Lee,Lee_d3d5c
Jennifer Weaver,Jennifer_Weaver@patterson.com,15-10-1978,74152151,19781015,True,Jennifer,Weaver,Weaver_feb81
Timothy Ortega,Timothy_Ortega@ramos.com,01/04/1998,59312963,19980104,True,Timothy,Ortega,Ortega_17e39
Leonard Hamilton,Leonard_Hamilton@brown.com,1988-02-29,76082775,19880229,True,Leonard,Hamilton,Hamilton_f2276
Kathy Phillips,Kathy_Phillips@floyd.com,16-12-1984,57829247,19841216,True,Kathy,Phillips,Phillips_608c9
Danny Simmons,Danny_Simmons@morales.com,10/13/1963,26313911,19631013,True,Danny,Simmons,Simmons_cd946
Jennifer Jimenez,Jennifer_Jimenez@morgan.com,1992-11-21,59592559,19921121,True,Jennifer,Jimenez,Jimenez_5ed59
Penny Lopez,Penny_Lopez@young-huang.net,09/25/1954,99596291,19540925,True,Penny,Lopez,Lopez_7b621
Victoria Lawson,Victoria_Lawson@snyder.com,12-04-1954,24045823,19541204,True,Victoria,Lawson,Lawson_c755d
Michael Martinez,Michael_Martinez@hogan.net,1952/11/07,40271975,19521107,True,Michael,Martinez,Martinez_bc0fc
Samantha Sullivan,Samantha_Sullivan@cunningham-williams.com,04/23/1960,64913455,19600423,True,Samantha,Sullivan,Sullivan_61495
Paul Jones,Paul_Jones@clark-irwin.com,1994/02/15,91301999,19940215,True,Paul,Jones,Jones_f903f
Danielle Tran,Danielle_Tran@mann.com,1988-08-26,85246679,19880826,True,Danielle,Tran,Tran_40aaa
Marissa Jones,Marissa_Jones@lewis.net,1958/08/06,32094119,19580806,True,Marissa,Jones,Jones_cdd9f
Elijah Roy,Elijah_Roy@jones-baldwin.com,1987/07/05,57159015,19870705,True,Elijah,Roy,Roy_57ef7
Courtney Simpson,Courtney_Simpson@preston-cantrell.com,1973-11-03,77314887,19731103,True,Courtney,Simpson,Simpson_7383f
Kimberly Hopkins,Kimberly_Hopkins@adams.com,1993-10-22,67364511,19931022,True,Kimberly,Hopkins,Hopkins_56d12
William King,William_King@cline-allen.com,15-11-1984,21561215,19841115,True,William,King,King_4ae33
Stephanie Robertson,Stephanie_Robertson@owen-rodriguez.com,08-05-2002,75259367,20020805,True,Stephanie,Robertson,Robertson_c09d4
Rickey Hill,Rickey_Hill@parker-cohen.com,1964-04-30,56465207,19640430,True,Rickey,Hill,Hill_bd6cc
Erika Stewart,Erika_Stewart@solis.com,26-12-1985,83552695,19851226,True,Erika,Stewart,Stewart_40f40
Gregory Allen,Gregory_Allen@stanley.net,01/22/1978,48871907,19780122,True,Gregory,Allen,Allen_c7f06
Christina Johnson,Christina_Johnson@clark.com,22-06-2001,30262983,20010622,True,Christina,Johnson,Johnson_5dcd5
Kelli Wells,Kelli_Wells@jones.com,1954-03-08,27406215,19540308,True,Kelli,Wells,Wells_5c2c0
Nathan Archer,Nathan_Archer@gray.com,1956/07/23,72954367,19560723,True,Nathan,Archer,Archer_c6232
Michael Kline,Michael_Kline@phelps-alvarez.com,23-06-1965,20968343,19650623,True,Michael,Kline,Kline_6fe75
Joshua Rodriguez,Joshua_Rodriguez@thornton-benitez.com,1953/03/17,27953967,19530317,True,Joshua,Rodriguez,Rodriguez_1eec6
James Rodriguez,James_Rodriguez@logan.com,1981/07/17,50981423,19810717,True,James,Rodriguez,Rodriguez_a7ea3
Robert Ortega,Robert_Ortega@perez.com,16-03-1960,57040695,19600316,True,Robert,Ortega,Ortega_7f647
Teresa Ruiz,Teresa_Ruiz@holmes.com,1951/09/04,22432447,19510904,True,Teresa,Ruiz,Ruiz_e89df
Madison Mejia,Madison_Mejia@sims.com,1953-03-23,73824679,19530323,True,Madison,Mejia,Mejia_10b0a
James Bailey,James_Bailey@flynn.net,10-07-1986,26146743,19861007,True,James,Bailey,Bailey_b3b3b
Mary Perry,Mary_Perry@williams.net,1973-08-08,57879711,19730808,True,Mary,Perry,Perry_e8625
Crystal Jones,Crystal_Jones@webb.com,14-09-1962,39588047,19620914,True,Crystal,Jones,Jones_85733
Aaron Brown,Aaron_Brown@yates.com,1986-05-02,43815191,19860502,True,Aaron,Brown,Brown_9035e
Brian Contreras,Brian_Contreras@hill.net,07/08/1965,89794399,19650708,True,Brian,Contreras,Contreras_91010
Tanya Barajas,Tanya_Barajas@davis.com,1974-04-30,92793871,19740430,True,Tanya,Barajas,Barajas_c09f8
Ashley Frost,Ashley_Frost@brown-hill.com,10/20/1952,16473423,19521020,True,Ashley,Frost,Frost_ddfa1
Samantha Rasmussen,Samantha_Rasmussen@stokes-leon.com,21-06-1994,26634223,19940621,True,Samantha,Rasmussen,Rasmussen_0fcc4
Erica Weber,Erica_Weber@harris-fox.com,08/09/1993,20074939,19930809,True,Erica,Weber,Weber_b3165
Amanda Campbell,Amanda_Campbell@parker.com,03/24/1981,21954431,19810324,True,Amanda,Campbell,Campbell_fe47b
Vincent Martin,Vincent_Martin@wright-lee.com,1984/01/24,55457087,19840124,True,Vincent,Martin,Martin_92713
Tony Crawford,Tony_Crawford@moore.com,1987/08/18,15997263,19870818,True,Tony,Crawford,Crawford_a2a35
Randy Sullivan,Randy_Sullivan@perez.net,1961-10-25,15665967,19611025,True,Randy,Sullivan,Sullivan_7d828
Kimberly Thompson,Kimberly_Thompson@brewer-walters.net,12-11-2000,88531623,20001211,True,Kimberly,Thompson,Thompson_77cc8
William Hopkins,William_Hopkins@snyder.com,01/04/2001,12277875,20010104,True,William,Hopkins,Hopkins_cfbfa
Martin Compton,Martin_Compton@morgan.com,1984-06-02,42037887,19840602,True,Martin,Compton,Compton_395a9
Anthony Gross,Anthony_Gross@pratt.com,04/23/1966,92193723,19660423,True,Anthony,Gross,Gross_9a287
Tracy Brown,Tracy_Brown@joyce.com,1972-08-23,26044711,19720823,True,Tracy,Brown,Brown_8baf8
James Stanley,James_Stanley@beltran.com,10/08/2001,51351887,20011008,True,James,Stanley,Stanley_a95cd
Norma Jenkins,Norma_Jenkins@larson.com,03/23/1957,78071863,19570323,True,Norma,Jenkins,Jenkins_e5537
Leslie Preston,Leslie_Preston@johns.com,05-10-1972,71892959,19720510,True,Leslie,Preston,Preston_d0922
Jay Parker,Jay_Parker@fowler.net,30-09-1993,57583783,19930930,True,Jay,Parker,Parker_311d6
Lance Williams,Lance_Williams@williams.net,1973-08-07,19310567,19730807,True,Lance,Williams,Williams_44d67
Carl Taylor,Carl_Taylor@melendez.com,01/12/1975,27075015,19750112,True,Carl,Taylor,Taylor_10cf5
Brenda Dean,Brenda_Dean@allison-hill.com,02/15/1969,55037019,19690215,True,Brenda,Dean,Dean_33bcc
Kathleen Allen,Kathleen_Allen@cook.com,1986/01/13,38829559,19860113,True,Kathleen,Allen,Allen_b02ca
Patricia Olsen,Patricia_Olsen@haynes-blankenship.com,11/24/1998,70673187,19981124,True,Patricia,Olsen,Olsen_98e22
Marie Lamb,Marie_Lamb@hampton.com,1979-04-10,26841263,19790410,True,Marie,Lamb,Lamb_5dc6d
Nathan Flores,Nathan_Flores@gibbs.net,04-09-1979,86883135,19790409,True,Nathan,Flores,Flores_a43fb
Ashley Caldwell,Ashley_Caldwell@mason-bryant.com,1988/09/03,13420663,19880903,True,Ashley,Caldwell,Caldwell_aa013
David Frank,David_Frank@reyes-thomas.com,09/28/1968,31192639,19680928,True,David,Frank,Frank_97c93
Renee Martin,Renee_Martin@crawford-walker.com,21-04-1981,55803823,19810421,True,Renee,Martin,Martin_caab2
Keith Parker,Keith_Parker@moore.com,1964-08-26,40120471,19640826,True,Keith,Parker,Parker_0793e
Ernest Blake,Ernest_Blake@long.com,06/21/1999,27155511,19990621,True,Ernest,Blake,Blake_ed155
Melissa Levy,Melissa_Levy@arroyo.com,1950/03/30,51842935,19500330,True,Melissa,Levy,Levy_bef91
Brandon Powell,Brandon_Powell@craig-gonzales.net,06-06-1976,43375815,19760606,True,Brandon,Powell,Powell_fe4b6
Lisa Holloway,Lisa_Holloway@brown.com,01/02/1972,73751431,19720102,True,Lisa,Holloway,Holloway_485d0
Kimberly Stone,Kimberly_Stone@murphy-bryant.com,1994-05-12,25323999,19940512,True,Kimberly,Stone,Stone_1d9aa
Adam Jones,Adam_Jones@ashley.com,16-03-1973,55082935,19730316,True,Adam,Jones,Jones_575ba
Richard Tucker,Richard_Tucker@murphy.com,06/25/1971,53838335,19710625,True,Richard,Tucker,Tucker_0eb60
Elizabeth Andersen,Elizabeth_Andersen@baker.com,23-01-1974,69096535,19740123,True,Elizabeth,Andersen,Andersen_61066
Destiny Lutz,Destiny_Lutz@thompson-wright.com,04-12-1994,87853607,19940412,True,Destiny,Lutz,Lutz_3427f
Brandy Allen,Brandy_Allen@hardy-griffin.com,1981-01-13,92130799,19810113,True,Brandy,Allen,Allen_54dd1
Stephanie Decker,Stephanie_Decker@barrett.net,1977-09-05,92626639,19770905,True,Stephanie,Decker,Decker_0c2ca
Michelle Keller,Michelle_Keller@johnson.com,06-07-1951,56139711,19510607,True,Michelle,Keller,Keller_80065
Stacey Yates,Stacey_Yates@lewis.com,12-08-1992,30115967,19921208,True,Stacey,Yates,Yates_0613f
Sue Lee,Sue_Lee@rojas.com,1986/08/29,97367575,19860829,True,Sue,Lee,Lee_f9df7
Anna Long,Anna_Long@coleman.com,1974/03/16,52566967,19740316,True,Anna,Long,Long_850ab
Annette Watson,Annette_Watson@brown-brennan.com,1958/04/23,67851175,19580423,True,Annette,Watson,Watson_6dc0c
Robert Perez,Robert_Perez@anderson-shaw.net,05/28/1969,38876643,19690528,True,Robert,Perez,Perez_6ff11
James Thomas,James_Thomas@torres.net,1952/05/09,58718239,19520509,True,James,Thomas,Thomas_6cc50
Kelli Olson,Kelli_Olson@campbell.net,1996-07-23,50265023,19960723,True,Kelli,Olson,Olson_50aa7
Becky Reid,Becky_Reid@vargas.net,1975/10/27,37025287,19751027,True,Becky,Reid,Reid_1bdd4
Wesley Shaw,Wesley_Shaw@henderson-gibson.com,1983-01-21,76819471,19830121,True,Wesley,Shaw,Shaw_afe1c
Pamela Boyd,Pamela_Boyd@freeman.com,1968/06/28,25030751,19680628,True,Pamela,Boyd,Boyd_94bd7
Jeremy Lewis,Jeremy_Lewis@murray.com,1953-01-07,44159519,19530107,True,Jeremy,Lewis,Lewis_644d9
Jennifer Garza,Jennifer_Garza@herrera-klein.com,1989-06-03,31999455,19890603,True,Jennifer,Garza,Garza_be6d1
Larry Wilson,Larry_Wilson@perry.com,02/21/1967,56158527,19670221,True,Larry,Wilson,Wilson_0ce7d
Joshua Thompson,Joshua_Thompson@morrow.com,08/30/1984,98999803,19840830,True,Joshua,Thompson,Thompson_9e058
Dennis Williams,Dennis_Williams@rivas.com,11/07/1966,93993079,19661107,True,Dennis,Williams,Williams_874b3
Karen Morton,Karen_Morton@romero.com,04/10/1991,36838791,19910410,True,Karen,Morton,Morton_e4bde
Joseph Perry,Joseph_Perry@tucker.com,1951-06-16,16254071,19510616,True,Joseph,Perry,Perry_b530f
Heather Herman,Heather_Herman@williams-lindsey.com,1971/06/06,97877423,19710606,True,Heather,Herman,Herman_0ab62
Laura Lopez,Laura_Lopez@rodriguez.com,1990/12/21,72627367,19901221,True,Laura,Lopez,Lopez_ea347
Joel Webb,Joel_Webb@solis-swanson.com,10/09/1989,37839071,19891009,True,Joel,Webb,Webb_5b693
Donna Malone,Donna_Malone@brown.com,10/07/1952,89038207,19521007,True,Donna,Malone,Malone_73ad1
Reginald Barnes,Reginald_Barnes@walker-robinson.com,1973-02-14,19884399,19730214,True,Reginald,Barnes,Barnes_f462c
Brett House,Brett_House@rose-clarke.com,11/26/1984,98114087,19841126,True,Brett,House,House_3cb13
Robert Weaver,Robert_Weaver@young-leonard.com,18-02-1982,39131199,19820218,True,Robert,Weaver,Weaver_201e1
Beth Martinez,Beth_Martinez@johnson.com,1968-12-25,87909191,19681225,True,Beth,Martinez,Martinez_204f4
Nicole Small,Nicole_Small@nolan-randall.com,04/14/1957,82553335,19570414,True,Nicole,Small,Small_09b68
Anthony Cline,Anthony_Cline@rivera-collier.net,01/25/1989,64231171,19890125,True,Anthony,Cline,Cline_d04f7
Spencer Ware,Spencer_Ware@montgomery-lane.com,1980/10/09,74599951,19801009,True,Spencer,Ware,Ware_0b5e6
Willie Erickson,Willie_Erickson@bartlett.com,1991/01/10,53673855,19910110,True,Willie,Erickson,Erickson_3df9d
Daniel Nguyen,Daniel_Nguyen@mccall.com,1959/09/03,37673823,19590903,True,Daniel,Nguyen,Nguyen_6a5e7
Leonard Martinez,Leonard_Martinez@mcbride.com,1956-09-22,14452319,19560922,True,Leonard,Martinez,Martinez_7564a
Thomas Forbes,Thomas_Forbes@beck.com,10/23/1959,25036935,19591023,True,Thomas,Forbes,Forbes_60d80
Robert Stephens,Robert_Stephens@lopez.com,19-06-2000,92784815,20000619,True,Robert,Stephens,Stephens_5a6e3
Kevin Mayo,Kevin_Mayo@pope-jones.com,10/29/1976,76234311,19761029,True,Kevin,Mayo,Mayo_d6f2e
Daniel Chen,Daniel_Chen@little.com,1952/07/16,46750383,19520716,True,Daniel,Chen,Chen_7d3b1
Samuel Dalton,Samuel_Dalton@marquez.com,1996-09-16,75194711,19960916,True,Samuel,Dalton,Dalton_32ce4
Heather Bennett,Heather_Bennett@hamilton-blair.com,2002/01/05,64795847,20020105,True,Heather,Bennett,Bennett_dcbc8
Joshua King,Joshua_King@hale.net,01-06-2000,99342223,20000106,True,Joshua,King,King_89592
Crystal Blake,Crystal_Blake@parker.com,17-11-1970,97878511,19701117,True,Crystal,Blake,Blake_e7660
Heather Combs,Heather_Combs@powell.com,04/28/1959,18518647,19590428,True,Heather,Combs,Combs_2d19f
Amanda Evans,Amanda_Evans@cox.com,1959-02-24,92559519,19590224,True,Amanda,Evans,Evans_62a52
Sergio Day,Sergio_Day@guzman-garrett.com,1951-05-31,27091295,19510531,True,Sergio,Day,Day_69b70
Julie Boyd,Julie_Boyd@white-george.com,1969-09-06,47949079,19690906,True,Julie,Boyd,Boyd_9e514
Tara Barnes,Tara_Barnes@shepherd.com,08/01/1954,42232079,19540801,True,Tara,Barnes,Barnes_bc727
Logan Watkins,Logan_Watkins@hernandez.com,2000-05-11,87081215,20000511,True,Logan,Watkins,Watkins_c9964
Steven Ortiz,Steven_Ortiz@hamilton.com,06-05-1967,15073183,19670605,True,Steven,Ortiz,Ortiz_c84c2
Lisa Marquez,Lisa_Marquez@day-smith.com,1971/03/26,18443671,19710326,True,Lisa,Marquez,Marquez_7aa36
Sergio Hughes,Sergio_Hughes@cardenas.com,03/09/1981,86954943,19810309,True,Sergio,Hughes,Hughes_0c3d2
Destiny Rojas,Destiny_Rojas@stanton.com,01/21/1986,27351983,19860121,True,Destiny,Rojas,Rojas_1f285
Danny Lewis,Danny_Lewis@turner.com,12/25/1952,41036747,19521225,True,Danny,Lewis,Lewis_07faf
Jennifer Martin,Jennifer_Martin@moore.com,1983-05-27,83212175,19830527,True,Jennifer,Martin,Martin_82381
Arthur Chandler,Arthur_Chandler@martin.com,1961-02-10,18438007,19610210,True,Arthur,Chandler,Chandler_4ab75
Cheryl Crosby,Cheryl_Crosby@bowman-potter.com,09/30/1958,54032091,19580930,True,Cheryl,Crosby,Crosby_9b4b3
Ronald Hudson,Ronald_Hudson@carson.com,10-03-1951,66192423,19511003,True,Ronald,Hudson,Hudson_01af1
Jennifer Lee,Jennifer_Lee@guerra-lopez.com,01-04-1950,35305031,19500104,True,Jennifer,Lee,Lee_d7999
Gregory Yoder,Gregory_Yoder@robinson-johnson.com,20-06-1953,75705319,19530620,True,Gregory,Yoder,Yoder_70108
Carolyn Harmon,Carolyn_Harmon@watts-horn.com,1998-01-24,55977599,19980124,True,Carolyn,Harmon,Harmon_69598
Christopher Harrell,Christopher_Harrell@lindsey.com,1970-06-30,52999479,19700630,True,Christopher,Harrell,Harrell_7257b
Kevin Johnson,Kevin_Johnson@rogers.com,1993/08/02,15154639,19930802,True,Kevin,Johnson,Johnson_a67f3
Michael Harrison,Michael_Harrison@franklin.com,19-08-1951,29087871,19510819,True,Michael,Harrison,Harrison_087c8
Terry Moore,Terry_Moore@barker-ayers.com,15-06-1987,19828167,19870615,True,Terry,Moore,Moore_c62aa
James Rogers,James_Rogers@green.net,1993/07/04,65821255,19930704,True,James,Rogers,Rogers_656af
Kathleen Tran,Kathleen_Tran@wilson.net,1974-02-11,20044927,19740211,True,Kathleen,Tran,Tran_b0eca
Jacqueline Conway,Jacqueline_Conway@robinson-carson.com,1971/06/17,91842383,19710617,True,Jacqueline,Conway,Conway_ae427
Chad Clark,Chad_Clark@hodges.com,09/19/1961,54277383,19610919,True,Chad,Clark,Clark_35061
Maxwell Cole,Maxwell_Cole@larson.com,1951-02-03,41796463,19510203,True,Maxwell,Cole,Cole_92aa4
Bethany Williamson,Bethany_Williamson@flores.com,1954/03/10,40227935,19540310,True,Bethany,Williamson,Williamson_2b72a
Joseph Wright,Joseph_Wright@powell.net,1957-05-21,40768583,19570521,True,Joseph,Wright,Wright_f1b73
Thomas Rogers,Thomas_Rogers@banks-perkins.net,08/19/1997,36072875,19970819,True,Thomas,Rogers,Rogers_3818b
Jenny Lewis,Jenny_Lewis@flores.com,07/06/1997,62475987,19970706,True,Jenny,Lewis,Lewis_11948
Heidi Bolton,Heidi_Bolton@spencer.com,1956-06-16,58079023,19560616,True,Heidi,Bolton,Bolton_06e0a
Daniel Lewis,Daniel_Lewis@robertson.com,1977/02/05,48084439,19770205,True,Daniel,Lewis,Lewis_e0082
Dale Ramirez,Dale_Ramirez@patton.com,23-03-1955,59875791,19550323,True,Dale,Ramirez,Ramirez_63293
Carol Sharp,Carol_Sharp@garcia-lamb.com,03-12-1975,18014567,19750312,True,Carol,Sharp,Sharp_7f0b3
Joseph Buck,Joseph_Buck@jacobs.com,1952/03/11,34270063,19520311,True,Joseph,Buck,Buck_542b9
Lynn Anderson,Lynn_Anderson@williams-carter.com,13-01-1996,75488911,19960113,True,Lynn,Anderson,Anderson_542fb
Emily Andrews,Emily_Andrews@reyes-singh.com,04/27/1955,20594859,19550427,True,Emily,Andrews,Andrews_bbb39
Sarah Harris,Sarah_Harris@thomas-sanchez.com,2001-05-30,52442775,20010530,True,Sarah,Harris,Harris_526ca
Victor Owens,Victor_Owens@collins.com,1996-08-15,53064383,19960815,True,Victor,Owens,Owens_620f1
Kimberly Koch,Kimberly_Koch@rodriguez.net,25-01-1987,35893839,19870125,True,Kimberly,Koch,Koch_43971
Allison Obrien,Allison_Obrien@bailey-sanders.com,1962/04/23,81154631,19620423,True,Allison,Obrien,Obrien_00e34
John Rogers,John_Rogers@oneill.com,09-05-1971,21046575,19710905,True,John,Rogers,Rogers_160f6
Laura Bailey,Laura_Bailey@snyder.com,08/11/1970,56551543,19700811,True,Laura,Bailey,Bailey_13f67
Janet Collins,Janet_Collins@farrell.com,1984-07-21,89424095,19840721,True,Janet,Collins,Collins_120bd
Kristin Lawson,Kristin_Lawson@salinas.com,01-11-1976,36661711,19760111,True,Kristin,Lawson,Lawson_cbf97
James Castaneda,James_Castaneda@miller-hart.com,26-01-1964,64715807,19640126,True,James,Castaneda,Castaneda_7660a
Michael Middleton,Michael_Middleton@williams-zamora.com,08/04/1981,85114431,19810804,True,Michael,Middleton,Middleton_02dfc
Robert Ortiz,Robert_Ortiz@saunders-hunter.com,1976/11/08,80296223,19761108,True,Robert,Ortiz,Ortiz_66abd
Connie Harper,Connie_Harper@lewis.com,1995/06/27,21369119,19950627,True,Connie,Harper,Harper_709ac
Debbie Burns,Debbie_Burns@salinas.com,1983/08/06,95570935,19830806,True,Debbie,Burns,Burns_f2b3a
Gabriel Preston,Gabriel_Preston@black.com,20-11-1996,88336263,19961120,True,Gabriel,Preston,Preston_b6298
Steven Hodges,Steven_Hodges@sanchez-phillips.com,09/03/1951,65795715,19510903,True,Steven,Hodges,Hodges_0c95a
Brandon Orozco,Brandon_Orozco@greene.com,1987-07-17,59988495,19870717,True,Brandon,Orozco,Orozco_02d2b
Kari Nguyen,Kari_Nguyen@farley.com,19-11-1999,47980591,19991119,True,Kari,Nguyen,Nguyen_6f546
Brittany Hill,Brittany_Hill@rogers-hoffman.com,1987-06-05,90817791,19870605,True,Brittany,Hill,Hill_2c87a
Carrie Martinez,Carrie_Martinez@hendrix.com,1974/01/24,96107743,19740124,True,Carrie,Martinez,Martinez_a7c33
Jeffery Hill,Jeffery_Hill@cook-lloyd.com,12/23/1959,26071551,19591223,True,Jeffery,Hill,Hill_e24f9
Linda White,Linda_White@moore.com,1975/10/15,84876711,19751015,True,Linda,White,White_e9960
Jake Spencer,Jake_Spencer@murphy.com,2002-05-09,53533879,20020509,True,Jake,Spencer,Spencer_c21d7
Joseph Chan,Joseph_Chan@hutchinson-gutierrez.com,1966/09/22,19544079,19660922,True,Joseph,Chan,Chan_f9d1e
Sara Dominguez,Sara_Dominguez@delgado.com,02/20/1986,69114407,19860220,True,Sara,Dominguez,Dominguez_40133
Kathleen Ali,Kathleen_Ali@horn-rogers.com,1996-06-02,45338687,19960602,True,Kathleen,Ali,Ali_a2746
Danielle Stephens,Danielle_Stephens@miller.net,1961/09/29,16838823,19610929,True,Danielle,Stephens,Stephens_baaae
Ann Wolf,Ann_Wolf@wilkins.com,11/12/1980,26916187,19801112,True,Ann,Wolf,Wolf_dbc29
Brianna Schaefer,Brianna_Schaefer@nelson-mcmahon.com,12-03-1976,34700887,19761203,True,Brianna,Schaefer,Schaefer_ac7f3
Angela Morris,Angela_Morris@murray.com,07-02-1976,89409391,19760702,True,Angela,Morris,Morris_9ba0c
Cristian Kelley,Cristian_Kelley@taylor-colon.net,01/08/1951,22272647,19510108,True,Cristian,Kelley,Kelley_f3101
Jeffrey Turner,Jeffrey_Turner@robinson.com,01/12/1984,30152387,19840112,True,Jeffrey,Turner,Turner_a2281
Jesse Perry,Jesse_Perry@marsh.net,10/13/1969,45471479,19691013,True,Jesse,Perry,Perry_1c3c6
Ricardo Cruz,Ricardo_Cruz@salazar-manning.com,02/05/1978,83436279,19780205,True,Ricardo,Cruz,Cruz_7bf56
Jessica Smith,Jessica_Smith@walsh-steele.com,31-05-1951,97984639,19510531,True,Jessica,Smith,Smith_69b70
Brenda Long,Brenda_Long@carter.net,1951/09/14,45992583,19510914,True,Brenda,Long,Long_f0fca
Megan Taylor,Megan_Taylor@montgomery.com,05-10-1993,12610975,19930510,True,Megan,Taylor,Taylor_757b6
Kelly Morales,Kelly_Morales@sanchez.com,27-02-1980,44799815,19800227,True,Kelly,Morales,Morales_3cabc
Sheri Johnson,Sheri_Johnson@lucas.com,1988/04/22,34118127,19880422,True,Sheri,Johnson,Johnson_5c594
Lori Pacheco,Lori_Pacheco@ayala.com,1962-06-30,94662495,19620630,True,Lori,Pacheco,Pacheco_7ccf5
Sandra Schmidt,Sandra_Schmidt@herrera.com,1959/07/11,50638143,19590711,True,Sandra,Schmidt,Schmidt_be25c
Rachel Hill,Rachel_Hill@gutierrez.com,12-02-1954,55824367,19541202,True,Rachel,Hill,Hill_2b641
Emily Case,Emily_Case@lewis.com,1985/05/08,90216215,19850508,True,Emily,Case,Case_1fe51
Seth Alvarez,Seth_Alvarez@conrad.com,01-08-1980,90929927,19800108,True,Seth,Alvarez,Alvarez_af321
Jose Reyes,Jose_Reyes@garcia.com,1970-09-29,94563263,19700929,True,Jose,Reyes,Reyes_0a636
Zachary Le,Zachary_Le@whitaker.com,1985-10-28,56441999,19851028,True,Zachary,Le,Le_44e84
Rhonda Anthony,Rhonda_Anthony@lawson.com,1974-09-15,12850551,19740915,True,Rhonda,Anthony,Anthony_91ec3
Joseph Hill,Joseph_Hill@rodriguez-newton.com,2002-09-23,89902687,20020923,True,Joseph,Hill,Hill_0d4d9
Erin Davis,Erin_Davis@sanchez.net,1960-09-17,22992863,19600917,True,Erin,Davis,Davis_dbcb2
Lucas Brown,Lucas_Brown@miller.com,1989/11/01,34675679,19891101,True,Lucas,Brown,Brown_1ebf8
William Garcia,William_Garcia@powell.com,1985-09-12,25729991,19850912,True,William,Garcia,Garcia_72e9b
Lauren Swanson,Lauren_Swanson@pena-pierce.com,21-09-1961,85204407,19610921,True,Lauren,Swanson,Swanson_b3ea5
John Frank,John_Frank@martin.com,1950/05/19,42691023,19500519,True,John,Frank,Frank_4dfb9
Tony Perry,Tony_Perry@lewis-holland.com,09/10/1973,11231827,19730910,True,Tony,Perry,Perry_d9da1
Nicole Schmidt,Nicole_Schmidt@stephens.com,1965-11-09,86157423,19651109,True,Nicole,Schmidt,Schmidt_54bf2
Nathan Gray,Nathan_Gray@scott-gonzalez.com,1996-06-18,48983767,19960618,True,Nathan,Gray,Gray_15cd6
Nichole Delgado,Nichole_Delgado@dixon-cruz.com,1972-03-05,60338223,19720305,True,Nichole,Delgado,Delgado_f68ba
Raven Ford,Raven_Ford@mcdowell.com,02/13/1996,13519207,19960213,True,Raven,Ford,Ford_36701
Marcus Rodriguez,Marcus_Rodriguez@jones.com,1969/05/11,23424599,19690511,True,Marcus,Rodriguez,Rodriguez_3a35b
Daniel Grimes,Daniel_Grimes@keith.com,11/26/1982,61518103,19821126,True,Daniel,Grimes,Grimes_2efc5
Samuel Solomon,Samuel_Solomon@wolf.net,30-12-1987,26166751,19871230,True,Samuel,Solomon,Solomon_23bae
Katrina Miller,Katrina_Miller@grimes.com,1954-03-08,81240247,19540308,True,Katrina,Miller,Miller_5c2c0
Raymond Conner,Raymond_Conner@oneal-johnson.com,28-01-1997,95736583,19970128,True,Raymond,Conner,Conner_71970
Cory Garcia,Cory_Garcia@evans-benson.com,02/02/1955,86555943,19550202,True,Cory,Garcia,Garcia_14ae7
Lori Fuller,Lori_Fuller@gordon.com,1968-01-01,54288255,19680101,True,Lori,Fuller,Fuller_9068b
Corey Wilson,Corey_Wilson@hoover-hernandez.com,1953/10/11,39467535,19531011,True,Corey,Wilson,Wilson_da57e
Denise Dominguez,Denise_Dominguez@long.com,06/28/1966,28235547,19660628,True,Denise,Dominguez,Dominguez_db12a
Holly James,Holly_James@macdonald.com,1964/11/04,62732175,19641104,True,Holly,James,James_e7a3a
Alicia Mccarty,Alicia_Mccarty@beasley.com,16-09-1982,57669519,19820916,True,Alicia,Mccarty,Mccarty_a4b9d
Zoe Christian,Zoe_Christian@grant.com,19-03-1999,22170983,19990319,True,Zoe,Christian,Christian_90eb3
Nicholas Watson,Nicholas_Watson@williams.com,1962-04-03,72181751,19620403,True,Nicholas,Watson,Watson_61db6
Shirley Ruiz,Shirley_Ruiz@house-gay.com,08/12/1972,23759691,19720812,True,Shirley,Ruiz,Ruiz_956d3
Victoria Wood,Victoria_Wood@proctor-baker.com,1991-06-22,13955959,19910622,True,Victoria,Wood,Wood_67f27
Jillian Knight,Jillian_Knight@davenport.com,1988-11-08,20417711,19881108,True,Jillian,Knight,Knight_10192
Ryan Fisher,Ryan_Fisher@fletcher.com,30-10-1987,63505855,19871030,True,Ryan,Fisher,Fisher_27703
Stephanie Howe,Stephanie_Howe@allen.com,09-05-1963,37283343,19630905,True,Stephanie,Howe,Howe_a7c94
Kenneth Kim,Kenneth_Kim@duran.com,05-05-1999,37818767,19990505,True,Kenneth,Kim,Kim_c0e4a
Andrew Macias,Andrew_Macias@douglas.com,1966-10-13,28232535,19661013,True,Andrew,Macias,Macias_a4116
Lisa Jackson,Lisa_Jackson@morton-lowe.com,01/14/1973,82393203,19730114,True,Lisa,Jackson,Jackson_89ce6
Elizabeth Huffman,Elizabeth_Huffman@zamora.com,1958/09/18,15486151,19580918,True,Elizabeth,Huffman,Huffman_fb25a
Christina Stone,Christina_Stone@medina.com,1993-03-20,34449775,19930320,True,Christina,Stone,Stone_9ab9f
Miranda Mata,Miranda_Mata@martin.com,01/24/1993,61632395,19930124,True,Miranda,Mata,Mata_53cfc
Alexander Merritt,Alexander_Merritt@butler.net,13-09-1980,33574735,19800913,True,Alexander,Merritt,Merritt_696fd
Austin Alexander,Austin_Alexander@ortiz.com,04/18/1995,12638703,19950418,True,Austin,Alexander,Alexander_12438
Kelly Sanders,Kelly_Sanders@coleman.com,1952-04-13,29703695,19520413,True,Kelly,Sanders,Sanders_e9c2f
Matthew Jones,Matthew_Jones@arnold.com,2000/06/15,98616991,20000615,True,Matthew,Jones,Jones_fae51
Donna Juarez,Donna_Juarez@sanders-briggs.com,06/12/1955,60313867,19550612,True,Donna,Juarez,Juarez_ab899
Sarah David,Sarah_David@collier.net,1998-12-16,97218247,19981216,True,Sarah,David,David_39e9f
Carmen Barajas,Carmen_Barajas@smith.com,1981-05-26,34685455,19810526,True,Carmen,Barajas,Barajas_62836
Angela Johnson,Angela_Johnson@stewart.com,27-08-1984,62439103,19840827,True,Angela,Johnson,Johnson_5dcba
Melissa Sparks,Melissa_Sparks@sanchez-stevenson.com,1993/08/02,27530863,19930802,True,Melissa,Sparks,Sparks_a67f3
Rebecca Serrano,Rebecca_Serrano@martin.com,07/26/1965,48396631,19650726,True,Rebecca,Serrano,Serrano_c59d5
Katherine Hill,Katherine_Hill@tran.com,1983/09/18,37709951,19830918,True,Katherine,Hill,Hill_e971e
Kristin Hart,Kristin_Hart@ortega.com,17-12-1966,36255543,19661217,True,Kristin,Hart,Hart_3b264
Jacqueline Ho,Jacqueline_Ho@henry.com,31-01-1961,75359367,19610131,True,Jacqueline,Ho,Ho_73551
Tyler Rodriguez,Tyler_Rodriguez@nelson.com,11/23/1969,38316039,19691123,True,Tyler,Rodriguez,Rodriguez_c3743
Michael Knight,Michael_Knight@davidson.com,04-08-1987,71412263,19870408,True,Michael,Knight,Knight_e66ab
Heather Arroyo,Heather_Arroyo@martinez.com,1979/07/09,36165719,19790709,True,Heather,Arroyo,Arroyo_44022
Lori Larson,Lori_Larson@flowers.com,1963-08-07,38397103,19630807,True,Lori,Larson,Larson_06714
Lindsay Lopez,Lindsay_Lopez@foster.net,01/23/1982,62519943,19820123,True,Lindsay,Lopez,Lopez_b6ee8
David Vazquez,David_Vazquez@davila-beck.com,06-12-1990,57160871,19900612,True,David,Vazquez,Vazquez_13d09
Karen Salazar,Karen_Salazar@wu-cohen.com,05/02/1995,89394439,19950502,True,Karen,Salazar,Salazar_cf1ae
Sherry Hicks,Sherry_Hicks@stout-nicholson.com,27-11-1961,12514111,19611127,True,Sherry,Hicks,Hicks_5e5f2
Sarah Davila,Sarah_Davila@nash.com,1979/09/06,46685303,19790906,True,Sarah,Davila,Davila_1977b
Karen Oneill,Karen_Oneill@gomez.com,1992/10/04,72265879,19921004,True,Karen,Oneill,Oneill_7278c
Nicholas Mills,Nicholas_Mills@williams.com,1963-10-01,68844231,19631001,True,Nicholas,Mills,Mills_f511a
Jennifer Montgomery,Jennifer_Montgomery@estrada-cole.com,1971/07/15,53834071,19710715,True,Jennifer,Montgomery,Montgomery_1a334
Cynthia Bailey,Cynthia_Bailey@oneill.com,1979-08-25,48942719,19790825,True,Cynthia,Bailey,Bailey_13beb
John Wright,John_Wright@harris.com,1983/10/19,96650335,19831019,True,John,Wright,Wright_fefcf
Kelsey Miller,Kelsey_Miller@anderson-green.com,11/07/1978,45676055,19781107,True,Kelsey,Miller,Miller_d6676
Sheila Brown,Sheila_Brown@stevens-edwards.com,1982-11-28,32490999,19821128,True,Sheila,Brown,Brown_565a7
Lisa Moore,Lisa_Moore@ramos.com,19-11-1994,99493567,19941119,True,Lisa,Moore,Moore_a6529
Brianna Haynes,Brianna_Haynes@garcia.com,04/01/1998,12153303,19980401,True,Brianna,Haynes,Haynes_dd4da
Julian Newman,Julian_Newman@haynes.com,1958-03-13,49873159,19580313,True,Julian,Newman,Newman_15a27
Thomas Ferguson,Thomas_Ferguson@guzman.com,1959/12/13,28787319,19591213,True,Thomas,Ferguson,Ferguson_fb458
David Swanson,David_Swanson@gregory.com,12/20/2002,16753799,20021220,True,David,Swanson,Swanson_0be9c
Kathryn Dyer,Kathryn_Dyer@walker.com,12/10/1959,57873103,19591210,True,Kathryn,Dyer,Dyer_7b5ce
Lauren Rodriguez,Lauren_Rodriguez@soto.com,1993/10/16,27106623,19931016,True,Lauren,Rodriguez,Rodriguez_a9b99
Jeffrey Rodriguez,Jeffrey_Rodriguez@trujillo.com,03/31/1990,56472143,19900331,True,Jeffrey,Rodriguez,Rodriguez_f1303
Richard Anderson,Richard_Anderson@white.com,06-07-1958,66751511,19580607,True,Richard,Anderson,Anderson_7118f
Andrea Huynh,Andrea_Huynh@dixon-smith.com,09/29/1989,26799851,19890929,True,Andrea,Huynh,Huynh_1735e
Brian Allen,Brian_Allen@conway.com,01/01/1956,93233303,19560101,True,Brian,Allen,Allen_013af
Jacqueline Peck,Jacqueline_Peck@smith-miller.com,02/10/1959,60512219,19590210,True,Jacqueline,Peck,Peck_723a2
Jessica Lee,Jessica_Lee@brown-baxter.com,1967/01/24,89410823,19670124,True,Jessica,Lee,Lee_7f12f
Martin Allen,Martin_Allen@steele.com,24-09-2002,99969439,20020924,True,Martin,Allen,Allen_7a4f2
Jason Mcdaniel,Jason_Mcdaniel@wood.com,04/03/1965,68591887,19650403,True,Jason,Mcdaniel,Mcdaniel_50061
Angela Mitchell,Angela_Mitchell@moreno-evans.com,1969-01-05,50190223,19690105,True,Angela,Mitchell,Mitchell_06d3f
Derrick Sanchez,Derrick_Sanchez@mitchell.com,1970/04/24,97980535,19700424,True,Derrick,Sanchez,Sanchez_9f266
Christine Ellis,Christine_Ellis@blackwell.com,1998/06/17,69393823,19980617,True,Christine,Ellis,Ellis_b9ff0
Alyssa Salinas,Alyssa_Salinas@robbins.com,07-10-1998,41363847,19980710,True,Alyssa,Salinas,Salinas_8ad1c
Kevin Walsh,Kevin_Walsh@hamilton.net,1992/08/05,63251375,19920805,True,Kevin,Walsh,Walsh_8cd29
Stuart Daniels,Stuart_Daniels@castro.com,03/17/2002,38551603,20020317,True,Stuart,Daniels,Daniels_c934d
Kenneth Knox,Kenneth_Knox@zamora.com,1999-06-26,47904991,19990626,True,Kenneth,Knox,Knox_d64ed
Steve Mitchell,Steve_Mitchell@adkins-russell.com,27-10-1975,98789479,19751027,True,Steve,Mitchell,Mitchell_1bdd4
Craig Hendricks,Craig_Hendricks@garcia-higgins.com,1995/10/18,51721063,19951018,True,Craig,Hendricks,Hendricks_a352c
Ricky Kerr,Ricky_Kerr@gonzalez-martinez.com,25-06-1951,43238807,19510625,True,Ricky,Kerr,Kerr_a02d8
Gloria Aguilar,Gloria_Aguilar@dorsey-donaldson.com,1969-06-06,69773231,19690606,True,Gloria,Aguilar,Aguilar_d3661
Gerald Hall,Gerald_Hall@kim-chapman.com,10/07/1971,53954823,19711007,True,Gerald,Hall,Hall_0bc14
Alexander Knight,Alexander_Knight@doyle.com,1974-08-12,41639975,19740812,True,Alexander,Knight,Knight_7e064
Joseph Cross,Joseph_Cross@mason-shaw.net,1953-01-26,35750023,19530126,True,Joseph,Cross,Cross_36c08
Joel Myers,Joel_Myers@smith-willis.net,1972/09/20,49665991,19720920,True,Joel,Myers,Myers_1466d
Michael Mckee,Michael_Mckee@gordon.com,2000/09/17,87409327,20000917,True,Michael,Mckee,Mckee_92c0e
Roy Park,Roy_Park@rodriguez-west.com,29-10-1955,69451423,19551029,True,Roy,Park,Park_a639e
Jonathan Castro,Jonathan_Castro@sandoval.com,1970-04-09,95059239,19700409,True,Jonathan,Castro,Castro_49d90
Richard Carroll,Richard_Carroll@massey-gardner.com,26-05-1961,61422551,19610526,True,Richard,Carroll,Carroll_78391
Michelle Fletcher,Michelle_Fletcher@anderson.com,1983-10-24,15665159,19831024,True,Michelle,Fletcher,Fletcher_e6fff
Carol Murphy,Carol_Murphy@lowe.com,1964/03/17,54241135,19640317,True,Carol,Murphy,Murphy_ecd95
Michael Russell,Michael_Russell@orozco.com,1968-03-08,24280095,19680308,True,Michael,Russell,Russell_203e4
Shawna Andrews,Shawna_Andrews@freeman.com,15-11-1998,12022295,19981115,True,Shawna,Andrews,Andrews_776f9
Dana Hernandez,Dana_Hernandez@jackson.com,1994-01-26,50236391,19940126,True,Dana,Hernandez,Hernandez_3d7b1
Lauren Harris,Lauren_Harris@long.com,1978-08-11,42605007,19780811,True,Lauren,Harris,Harris_e20bd
Andrea Dennis,Andrea_Dennis@smith-goodman.com,09/26/1957,17153399,19570926,True,Andrea,Dennis,Dennis_14df3
John Mendoza,John_Mendoza@mahoney.com,19-05-1985,85845135,19850519,True,John,Mendoza,Mendoza_fa60d
Jeremy Krueger,Jeremy_Krueger@haley.com,07/15/1983,37358751,19830715,True,Jeremy,Krueger,Krueger_b37c9
Wendy Smith,Wendy_Smith@smith-webb.com,28-01-1970,60349279,19700128,True,Wendy,Smith,Smith_85c0b
Leslie Diaz,Leslie_Diaz@thomas-shelton.com,1957-04-30,57506727,19570430,True,Leslie,Diaz,Diaz_0bd1d
Grant Snyder,Grant_Snyder@gonzales.com,1973/10/31,23872143,19731031,True,Grant,Snyder,Snyder_d3f05
Brandi Jenkins,Brandi_Jenkins@miller.com,28-12-1965,79308567,19651228,True,Brandi,Jenkins,Jenkins_27fe6
Amy Haynes,Amy_Haynes@levy.com,1960-03-14,41563455,19600314,True,Amy,Haynes,Haynes_18bc2
John Roberts,John_Roberts@hendricks.com,15-03-1954,16513279,19540315,True,John,Roberts,Roberts_d606a
Carrie Nelson,Carrie_Nelson@archer-murphy.com,1951-06-09,49242255,19510609,True,Carrie,Nelson,Nelson_fde1d
Jacob Hood,Jacob_Hood@evans.com,1956-02-08,24204143,19560208,True,Jacob,Hood,Hood_bb6b9
Tracy Charles,Tracy_Charles@rowe.com,1993/11/08,62200511,19931108,True,Tracy,Charles,Charles_02485
Heather Miller,Heather_Miller@taylor.net,01/28/1953,37035727,19530128,True,Heather,Miller,Miller_28ba0
Brandon Johnson,Brandon_Johnson@ramirez.com,10-03-1985,60862935,19851003,True,Brandon,Johnson,Johnson_8eba4
Kevin Cook,Kevin_Cook@cox-stewart.com,09/13/1978,71239915,19780913,True,Kevin,Cook,Cook_a5121
Derrick Lane,Derrick_Lane@yates.com,09/16/1989,65837219,19890916,True,Derrick,Lane,Lane_24958
Wendy Nelson,Wendy_Nelson@day.com,1965-01-08,59119063,19650108,True,Wendy,Nelson,Nelson_f7fc3
Jasmine Ramsey,Jasmine_Ramsey@jackson.com,1950/04/07,16447279,19500407,True,Jasmine,Ramsey,Ramsey_843ef
William Beltran,William_Beltran@bean.com,1985/03/13,16495975,19850313,True,William,Beltran,Beltran_b42ac
Albert Jefferson,Albert_Jefferson@diaz-bailey.com,11/17/1984,32919607,19841117,True,Albert,Jefferson,Jefferson_84127
Jessica Ferguson,Jessica_Ferguson@young.com,01/29/1967,78033235,19670129,True,Jessica,Ferguson,Ferguson_8004f
Gerald Stuart,Gerald_Stuart@strong.net,08-10-1995,98421991,19950810,True,Gerald,Stuart,Stuart_42d02
Jacob Vaughan,Jacob_Vaughan@martinez.com,1983-09-08,69615007,19830908,True,Jacob,Vaughan,Vaughan_40056
Matthew Fuentes,Matthew_Fuentes@miranda.com,1966/03/29,33411447,19660329,True,Matthew,Fuentes,Fuentes_0598c
April Carpenter,April_Carpenter@page.com,29-09-1971,97274415,19710929,True,April,Carpenter,Carpenter_4acee
Rachel Garcia,Rachel_Garcia@neal.com,21-10-1996,87786127,19961021,True,Rachel,Garcia,Garcia_d383b
Patrick Madden,Patrick_Madden@sanders.com,1994/11/01,35389647,19941101,True,Patrick,Madden,Madden_d8100
Angela Myers,Angela_Myers@rodriguez.com,1974/01/26,59457063,19740126,True,Angela,Myers,Myers_96365
Wayne Baker,Wayne_Baker@brown.com,1967/12/27,92067207,19671227,True,Wayne,Baker,Baker_726e6
Haley Cox,Haley_Cox@lewis.com,1964/10/01,27911351,19641001,True,Haley,Cox,Cox_c2d50
Dan Sanders,Dan_Sanders@klein-hernandez.com,1950-08-13,30043759,19500813,True,Dan,Sanders,Sanders_65a5d
Timothy Boyle,Timothy_Boyle@roach.net,06/08/1984,49033195,19840608,True,Timothy,Boyle,Boyle_7540a
Thomas Fisher,Thomas_Fisher@phillips.com,15-04-1985,99090999,19850415,True,Thomas,Fisher,Fisher_cd40a
Taylor Lopez,Taylor_Lopez@jones-salazar.com,1957/05/22,17889439,19570522,True,Taylor,Lopez,Lopez_d2a7d
Cynthia Ortiz,Cynthia_Ortiz@mathis.com,07/06/1959,91591279,19590706,True,Cynthia,Ortiz,Ortiz_fed1f
Jeffrey Macias,Jeffrey_Macias@cox.com,03-10-1990,98485783,19900310,True,Jeffrey,Macias,Macias_76606
Brian Drake,Brian_Drake@hurst-price.net,11-02-1962,83466007,19621102,True,Brian,Drake,Drake_1697c
Anna Austin,Anna_Austin@mcguire.com,11/22/1999,83758091,19991122,True,Anna,Austin,Austin_69ddb
Joel Clark,Joel_Clark@mcclain.com,07/12/1958,65159231,19580712,True,Joel,Clark,Clark_b1291
Deborah Olson,Deborah_Olson@greene.com,08/05/1957,92118339,19570805,True,Deborah,Olson,Olson_4c0a6
Michael Love,Michael_Love@rodriguez-martinez.net,03/21/2002,41033095,20020321,True,Michael,Love,Love_01195
Timothy Jordan,Timothy_Jordan@young.com,28-12-1999,77411263,19991228,True,Timothy,Jordan,Jordan_26d57
Kathy Leblanc,Kathy_Leblanc@warren-gray.com,1981-02-27,69067343,19810227,True,Kathy,Leblanc,Leblanc_25e89
William Floyd,William_Floyd@duran.com,1972/07/13,27758191,19720713,True,William,Floyd,Floyd_ee7c0
Angela Hayden,Angela_Hayden@barry.net,23-06-1996,28574351,19960623,True,Angela,Hayden,Hayden_44dbe
Renee Hodges,Renee_Hodges@hamilton.com,1987/12/28,63899519,19871228,True,Renee,Hodges,Hodges_c3205
Samantha Miller,Samantha_Miller@mcmahon.com,1965/04/06,41451647,19650406,True,Samantha,Miller,Miller_b1a7b
Lauren Orozco,Lauren_Orozco@sanchez.com,26-01-2000,71540231,20000126,True,Lauren,Orozco,Orozco_32e5d
Destiny Johns,Destiny_Johns@hayes.com,12/01/1973,89233575,19731201,True,Destiny,Johns,Johns_bd350
Jennifer Davis,Jennifer_Davis@nguyen.com,10/18/1993,72513603,19931018,True,Jennifer,Davis,Davis_d9ba6
April Owen,April_Owen@sanchez.com,1967/09/23,16552967,19670923,True,April,Owen,Owen_1c1c8
Evan Russell,Evan_Russell@ferguson.net,20-01-1959,75209343,19590120,True,Evan,Russell,Russell_eeae9
Jordan Cruz,Jordan_Cruz@clark-dickerson.com,03/23/1958,42355435,19580323,True,Jordan,Cruz,Cruz_a019e
Brent Castaneda,Brent_Castaneda@garcia.com,1958/03/07,80875871,19580307,True,Brent,Castaneda,Castaneda_1e9a5
Gregory Peters,Gregory_Peters@ray.net,1990-09-02,78256247,19900902,True,Gregory,Peters,Peters_62c2d
Jason Malone,Jason_Malone@allen.com,05/03/1955,47278299,19550503,True,Jason,Malone,Malone_82057
Matthew Salazar,Matthew_Salazar@jones-jones.com,1999/12/11,50895327,19991211,True,Matthew,Salazar,Salazar_8a391
Martin Morris,Martin_Morris@garcia.com,08/10/1993,47193651,19930810,True,Martin,Morris,Morris_ed007
Natasha Martinez,Natasha_Martinez@west.com,1968-04-18,55194439,19680418,True,Natasha,Martinez,Martinez_fa7cb
Charles Powell,Charles_Powell@knight.com,1997-09-06,47215879,19970906,True,Charles,Powell,Powell_89e26
Brian Powell,Brian_Powell@hernandez.com,15-11-1959,67153775,19591115,True,Brian,Powell,Powell_c3379
Laura Sandoval,Laura_Sandoval@brown.com,13-09-1986,17475623,19860913,True,Laura,Sandoval,Sandoval_6592d
Charles Gonzalez,Charles_Gonzalez@navarro.com,04-04-1971,94465511,19710404,True,Charles,Gonzalez,Gonzalez_bc4a4
Nicholas Caldwell,Nicholas_Caldwell@hurley-bass.com,1977-07-14,42525999,19770714,True,Nicholas,Caldwell,Caldwell_92d76
Brian Wyatt,Brian_Wyatt@wright-young.com,1958-12-11,63631399,19581211,True,Brian,Wyatt,Wyatt_ac546
Ryan Garcia,Ryan_Garcia@vazquez-wells.com,1993/08/15,26856535,19930815,True,Ryan,Garcia,Garcia_a540e
Megan Anderson,Megan_Anderson@wilson-murillo.com,1970-07-29,21736903,19700729,True,Megan,Anderson,Anderson_a86c0
Pamela Hughes,Pamela_Hughes@charles-costa.com,1987-06-13,40181295,19870613,True,Pamela,Hughes,Hughes_5403f
Tiffany Scott,Tiffany_Scott@davis.com,1986-11-10,76272207,19861110,True,Tiffany,Scott,Scott_af31d
Stanley Conway,Stanley_Conway@adams.com,1985/09/05,71853567,19850905,True,Stanley,Conway,Conway_b17c3
Yolanda Petty,Yolanda_Petty@dunlap-brown.com,25-01-1991,69674519,19910125,True,Yolanda,Petty,Petty_89b4f
Emily Oneal,Emily_Oneal@gutierrez.com,01/18/1958,49152079,19580118,True,Emily,Oneal,Oneal_1a34f
Tara Jones,Tara_Jones@blankenship.net,1985/03/03,49275455,19850303,True,Tara,Jones,Jones_7290c
Christine Cohen,Christine_Cohen@rich-bell.com,06/21/1994,80232231,19940621,True,Christine,Cohen,Cohen_0fcc4
Daniel Gutierrez,Daniel_Gutierrez@santana-bryan.com,11/03/1957,93799931,19571103,True,Daniel,Gutierrez,Gutierrez_8e2f3
George Williams,George_Williams@patton.com,1981/03/19,69991287,19810319,True,George,Williams,Williams_c20d3
Lori Allen,Lori_Allen@valdez-phillips.com,2002-09-16,28175727,20020916,True,Lori,Allen,Allen_8c000
Charles Kelly,Charles_Kelly@dalton.com,1969/04/01,62777351,19690401,True,Charles,Kelly,Kelly_0c61d
Jonathan Villa,Jonathan_Villa@suarez.com,1975-12-03,80471287,19751203,True,Jonathan,Villa,Villa_19bdd
Cindy Jackson,Cindy_Jackson@garcia-burch.com,1967-07-27,60954247,19670727,True,Cindy,Jackson,Jackson_40b1b
Scott Williams,Scott_Williams@keller-wong.com,03-08-1980,85799255,19800308,True,Scott,Williams,Williams_10ae3
Dylan Hernandez,Dylan_Hernandez@singleton-johnson.com,1995-03-01,31405951,19950301,True,Dylan,Hernandez,Hernandez_04544
Michelle Garcia,Michelle_Garcia@lynch.com,1980-10-17,52895823,19801017,True,Michelle,Garcia,Garcia_6967c
Matthew Bailey,Matthew_Bailey@benjamin.com,28-07-1987,39436023,19870728,True,Matthew,Bailey,Bailey_255ab
Kristin Edwards,Kristin_Edwards@short.com,06/03/1982,22435107,19820603,True,Kristin,Edwards,Edwards_e7bbf
Kristen Kirk,Kristen_Kirk@ayers.com,08/23/1959,97993751,19590823,True,Kristen,Kirk,Kirk_079a3
Ruth Carrillo,Ruth_Carrillo@paul.com,09/05/1979,43751451,19790905,True,Ruth,Carrillo,Carrillo_d036e
Jacob Stephenson,Jacob_Stephenson@larson-stevenson.net,11/11/1954,75359427,19541111,True,Jacob,Stephenson,Stephenson_dd890
Curtis Flynn,Curtis_Flynn@cook-drake.com,26-09-1978,58787463,19780926,True,Curtis,Flynn,Flynn_066c3
Thomas Perez,Thomas_Perez@greene-lopez.com,1963/02/20,96377439,19630220,True,Thomas,Perez,Perez_7a5c3
Sheri Kline,Sheri_Kline@hinton.com,1994-06-09,33546343,19940609,True,Sheri,Kline,Kline_e724e
Jeff Baker,Jeff_Baker@bentley.com,24-04-1967,57871767,19670424,True,Jeff,Baker,Baker_4cd37
William Powell,William_Powell@harrell.com,07/21/1967,71832243,19670721,True,William,Powell,Powell_d1cfb
Shannon Thomas,Shannon_Thomas@dawson-alexander.com,1968-09-03,18892279,19680903,True,Shannon,Thomas,Thomas_2a3b9
Jeffrey Murray,Jeffrey_Murray@jones.net,21-12-1982,27473887,19821221,True,Jeffrey,Murray,Murray_8d3f7
Carla Jackson,Carla_Jackson@morris.com,07/15/1994,44275151,19940715,True,Carla,Jackson,Jackson_5ae26
Kristin Wagner,Kristin_Wagner@clayton.com,1997/01/29,66045343,19970129,True,Kristin,Wagner,Wagner_83f4e
Kathleen Rodriguez,Kathleen_Rodriguez@frost-james.com,10/05/1967,65397891,19671005,True,Kathleen,Rodriguez,Rodriguez_3b414
Nicole Shea,Nicole_Shea@mcclure.com,1956-01-02,28795599,19560102,True,Nicole,Shea,Shea_abeb3
